id,user_name,email,password,address,contact_number
1000001,user1,user1@example.com,pass123,"Street 1, City",8034536931
1000002,user2,user2@example.com,pass123,"Street 2, City",8550721478
1000003,user3,user3@example.com,pass123,"Street 3, City",6130556759
1000004,user4,user4@example.com,pass123,"Street 4, City",7508574126
1000005,user5,user5@example.com,pass123,"Street 5, City",6614047250
1000006,user6,user6@example.com,pass123,"Street 6, City",9560076856
1000007,user7,user7@example.com,pass123,"Street 7, City",8837712371
1000008,user8,user8@example.com,pass123,"Street 8, City",6619111827
1000009,user9,user9@example.com,pass123,"Street 9, City",7060271346
1000010,user10,user10@example.com,pass123,"Street 10, City",8408203040
1000011,user11,user11@example.com,pass123,"Street 11, City",6773405362
1000012,user12,user12@example.com,pass123,"Street 12, City",6468538668
1000013,user13,user13@example.com,pass123,"Street 13, City",6336729982
1000014,user14,user14@example.com,pass123,"Street 14, City",9996365226
1000015,user15,user15@example.com,pass123,"Street 15, City",6143868251
1000016,user16,user16@example.com,pass123,"Street 16, City",6258009066
1000017,user17,user17@example.com,pass123,"Street 17, City",8408347735
1000018,user18,user18@example.com,pass123,"Street 18, City",6578629518
1000019,user19,user19@example.com,pass123,"Street 19, City",7040122473
1000020,user20,user20@example.com,pass123,"Street 20, City",6106183911
1000021,user21,user21@example.com,pass123,"Street 21, City",9952070042
1000022,user22,user22@example.com,pass123,"Street 22, City",6737754551
1000023,user23,user23@example.com,pass123,"Street 23, City",7508415694
1000024,user24,user24@example.com,pass123,"Street 24, City",7990764049
1000025,user25,user25@example.com,pass123,"Street 25, City",9431538100
1000026,user26,user26@example.com,pass123,"Street 26, City",9861575605
1000027,user27,user27@example.com,pass123,"Street 27, City",8751853417
1000028,user28,user28@example.com,pass123,"Street 28, City",6001133463
1000029,user29,user29@example.com,pass123,"Street 29, City",9669876075
1000030,user30,user30@example.com,pass123,"Street 30, City",6310266722
1000031,user31,user31@example.com,pass123,"Street 31, City",9113724656
1000032,user32,user32@example.com,pass123,"Street 32, City",8362351114
1000033,user33,user33@example.com,pass123,"Street 33, City",6416008759
1000034,user34,user34@example.com,pass123,"Street 34, City",6447324615
1000035,user35,user35@example.com,pass123,"Street 35, City",7248661418
1000036,user36,user36@example.com,pass123,"Street 36, City",7102256212
1000037,user37,user37@example.com,pass123,"Street 37, City",9624242500
1000038,user38,user38@example.com,pass123,"Street 38, City",6533199813
1000039,user39,user39@example.com,pass123,"Street 39, City",7348556814
1000040,user40,user40@example.com,pass123,"Street 40, City",8252352697
1000041,user41,user41@example.com,pass123,"Street 41, City",8290502587
1000042,user42,user42@example.com,pass123,"Street 42, City",8963097219
1000043,user43,user43@example.com,pass123,"Street 43, City",7571064880
1000044,user44,user44@example.com,pass123,"Street 44, City",6968025683
1000045,user45,user45@example.com,pass123,"Street 45, City",7374609437
1000046,user46,user46@example.com,pass123,"Street 46, City",6649759515
1000047,user47,user47@example.com,pass123,"Street 47, City",9907785734
1000048,user48,user48@example.com,pass123,"Street 48, City",6164316974
1000049,user49,user49@example.com,pass123,"Street 49, City",7276484469
1000050,user50,user50@example.com,pass123,"Street 50, City",7878497953
1000051,user51,user51@example.com,pass123,"Street 51, City",7070230785
1000052,user52,user52@example.com,pass123,"Street 52, City",9467683287
1000053,user53,user53@example.com,pass123,"Street 53, City",8718283774
1000054,user54,user54@example.com,pass123,"Street 54, City",9470252438
1000055,user55,user55@example.com,pass123,"Street 55, City",6368779015
1000056,user56,user56@example.com,pass123,"Street 56, City",9852268527
1000057,user57,user57@example.com,pass123,"Street 57, City",9647757015
1000058,user58,user58@example.com,pass123,"Street 58, City",8012487393
1000059,user59,user59@example.com,pass123,"Street 59, City",9974009514
1000060,user60,user60@example.com,pass123,"Street 60, City",6862295906
1000061,user61,user61@example.com,pass123,"Street 61, City",7110874991
1000062,user62,user62@example.com,pass123,"Street 62, City",9195421213
1000063,user63,user63@example.com,pass123,"Street 63, City",9646751978
1000064,user64,user64@example.com,pass123,"Street 64, City",7043470548
1000065,user65,user65@example.com,pass123,"Street 65, City",7995716443
1000066,user66,user66@example.com,pass123,"Street 66, City",9832218810
1000067,user67,user67@example.com,pass123,"Street 67, City",8708896417
1000068,user68,user68@example.com,pass123,"Street 68, City",7951067462
1000069,user69,user69@example.com,pass123,"Street 69, City",7060571198
1000070,user70,user70@example.com,pass123,"Street 70, City",7297490662
1000071,user71,user71@example.com,pass123,"Street 71, City",8226685602
1000072,user72,user72@example.com,pass123,"Street 72, City",7958557440
1000073,user73,user73@example.com,pass123,"Street 73, City",9891155143
1000074,user74,user74@example.com,pass123,"Street 74, City",8245263592
1000075,user75,user75@example.com,pass123,"Street 75, City",8228853471
1000076,user76,user76@example.com,pass123,"Street 76, City",7930824669
1000077,user77,user77@example.com,pass123,"Street 77, City",9038720590
1000078,user78,user78@example.com,pass123,"Street 78, City",7663574765
1000079,user79,user79@example.com,pass123,"Street 79, City",8203655668
1000080,user80,user80@example.com,pass123,"Street 80, City",9493428264
1000081,user81,user81@example.com,pass123,"Street 81, City",8741339823
1000082,user82,user82@example.com,pass123,"Street 82, City",7933132189
1000083,user83,user83@example.com,pass123,"Street 83, City",9357905343
1000084,user84,user84@example.com,pass123,"Street 84, City",7964799903
1000085,user85,user85@example.com,pass123,"Street 85, City",8728488167
1000086,user86,user86@example.com,pass123,"Street 86, City",8446551118
1000087,user87,user87@example.com,pass123,"Street 87, City",9014588170
1000088,user88,user88@example.com,pass123,"Street 88, City",9033414908
1000089,user89,user89@example.com,pass123,"Street 89, City",7341404866
1000090,user90,user90@example.com,pass123,"Street 90, City",9716642873
1000091,user91,user91@example.com,pass123,"Street 91, City",7089126725
1000092,user92,user92@example.com,pass123,"Street 92, City",8948337709
1000093,user93,user93@example.com,pass123,"Street 93, City",7840419688
1000094,user94,user94@example.com,pass123,"Street 94, City",9807521585
1000095,user95,user95@example.com,pass123,"Street 95, City",8057587441
1000096,user96,user96@example.com,pass123,"Street 96, City",7284913846
1000097,user97,user97@example.com,pass123,"Street 97, City",9149298367
1000098,user98,user98@example.com,pass123,"Street 98, City",8240228283
1000099,user99,user99@example.com,pass123,"Street 99, City",9061106262
1000100,user100,user100@example.com,pass123,"Street 100, City",9071662548
